HOSPITAL_NAME,COPD_COUNT,PCT_OF_COPD_CASES_OVER_BEDS,AVG_SCORE
BJC,184,9.2,5.858695652173913
BJC WEST COUNTY,171,17.1,5.923976608187134
MISSOURI BAPTIST,161,20.125,5.9813664596273295
SAINT LOUIS UNIVERSITY,164,16.400000000000002,5.932926829268292
ST.MARY'S,156,31.2,5.82051282051282
ST.LUKE'S,164,20.5,5.841463414634147
